date,pos,neg
2017-08-11,50.0,100.0
2017-09-11,42.857142857142854,100.0
2017-01-06,20.0,86.66666666666667
2017-02-26,30.76923076923077,100.0
2017-01-27,57.69230769230769,96.15384615384616
2017-09-28,25.0,100.0
2016-11-08,49.51456310679612,97.0873786407767
2016-12-19,39.130434782608695,95.65217391304348
2017-01-24,37.03703703703704,88.88888888888889
2017-06-29,25.0,100.0
2017-09-29,75.0,75.0
2017-07-31,17.647058823529413,100.0
2017-02-16,63.63636363636363,90.9090909090909
2017-08-14,40.0,93.33333333333333
2017-12-02,33.333333333333336,100.0
2017-10-23,28.571428571428573,71.42857142857143
2017-08-18,37.5,93.75
2017-04-09,40.0,100.0
2017-12-25,0.0,100.0
2017-02-28,34.61538461538461,100.0
2017-09-21,42.857142857142854,100.0
2018-01-23,57.142857142857146,78.57142857142857
2017-03-28,61.53846153846154,92.3076923076923
2018-02-26,38.095238095238095,95.23809523809524
2017-08-10,46.666666666666664,86.66666666666667
2017-08-19,28.571428571428573,85.71428571428571
2017-12-08,28.571428571428573,92.85714285714286
2017-06-30,41.666666666666664,100.0
2017-01-30,52.63157894736842,94.73684210526316
2017-07-06,57.142857142857146,92.85714285714286
2017-05-11,33.333333333333336,100.0
2016-12-12,33.333333333333336,100.0
2017-02-10,62.5,93.75
2017-04-25,20.0,100.0
2018-01-11,42.857142857142854,92.85714285714286
2016-12-13,40.0,86.66666666666667
2017-10-24,41.1764705882353,94.11764705882354
2017-03-19,50.0,90.0
2017-05-26,34.61538461538461,88.46153846153847
2018-01-18,37.5,93.75
2018-01-08,33.333333333333336,100.0
2018-02-22,22.22222222222222,100.0
2017-01-04,14.285714285714286,100.0
2017-11-06,50.0,93.75
2018-02-11,42.857142857142854,100.0
2017-11-26,50.0,83.33333333333333
2017-09-14,48.0,100.0
2017-06-28,30.76923076923077,100.0
2018-01-14,37.5,100.0
2017-10-09,33.333333333333336,100.0
2017-04-03,55.55555555555556,100.0
2017-06-14,38.46153846153846,100.0
2018-01-05,18.181818181818183,90.9090909090909
2018-01-13,37.5,87.5
2017-12-04,38.46153846153846,96.15384615384616
2018-02-04,30.0,100.0
2018-02-01,36.36363636363637,100.0
2017-12-03,35.714285714285715,92.85714285714286
2017-11-16,0.0,100.0
2017-08-22,33.333333333333336,88.88888888888889
2017-04-29,20.0,100.0
2017-08-08,25.0,87.5
2017-02-07,40.74074074074074,88.88888888888889
2018-01-16,35.714285714285715,100.0
2017-10-27,28.571428571428573,92.85714285714286
2018-02-23,48.0,96.0
2017-01-10,26.31578947368421,89.47368421052632
2017-10-05,16.666666666666668,91.66666666666667
2017-03-17,23.076923076923077,100.0
2017-10-08,12.5,100.0
2017-05-10,44.44444444444444,100.0
2016-11-14,48.484848484848484,93.93939393939394
2017-05-09,42.30769230769231,96.15384615384616
2017-01-21,47.36842105263158,100.0
2017-07-03,60.0,100.0
2017-12-19,54.54545454545455,90.9090909090909
2017-04-07,57.142857142857146,95.23809523809524
2017-07-30,45.45454545454545,90.9090909090909
2016-12-15,62.5,100.0
2017-12-31,62.5,100.0
2017-11-12,14.285714285714286,100.0
2017-08-04,50.0,88.88888888888889
2016-11-24,38.46153846153846,100.0
2018-01-12,38.095238095238095,100.0
2017-06-08,30.76923076923077,92.3076923076923
2017-06-01,47.05882352941177,100.0
2017-01-05,21.73913043478261,100.0
2016-11-25,42.857142857142854,92.85714285714286
2016-11-30,47.36842105263158,100.0
2017-08-20,16.666666666666668,100.0
2018-02-27,47.05882352941177,100.0
2017-10-14,28.571428571428573,100.0
2017-04-02,36.36363636363637,100.0
2018-01-25,45.45454545454545,100.0
2017-06-09,37.5,87.5
2018-01-20,25.0,100.0
2016-12-21,54.54545454545455,100.0
2016-11-19,53.333333333333336,100.0
2016-12-20,36.8421052631579,100.0
2017-04-11,44.44444444444444,100.0
2017-04-12,20.0,93.33333333333333
2017-01-13,45.0,90.0
2017-10-18,0.0,100.0
2017-04-20,44.44444444444444,94.44444444444444
2017-06-15,17.647058823529413,100.0
2017-02-08,40.74074074074074,96.29629629629629
2017-11-18,43.75,100.0
2017-04-05,40.0,100.0
2017-03-13,47.05882352941177,88.23529411764706
2018-02-02,33.333333333333336,100.0
2017-02-25,26.666666666666668,80.0
2017-09-24,42.857142857142854,100.0
2016-12-22,40.0,100.0
2018-02-12,50.0,94.44444444444444
2017-08-21,40.0,90.0
2017-05-21,40.0,100.0
2017-03-16,42.10526315789474,94.73684210526316
2017-12-06,61.111111111111114,94.44444444444444
2017-12-17,33.333333333333336,100.0
2017-04-27,42.857142857142854,100.0
2017-05-27,27.272727272727273,90.9090909090909
2017-12-13,37.5,100.0
2017-02-01,40.0,95.0
2017-01-26,25.806451612903224,87.09677419354838
2017-09-10,40.0,100.0
2018-01-29,44.0,96.0
2017-08-16,28.571428571428573,96.42857142857143
2018-02-08,58.8235294117647,100.0
2017-01-01,42.857142857142854,85.71428571428571
2017-06-19,46.666666666666664,93.33333333333333
2017-04-18,44.44444444444444,100.0
2017-07-10,50.0,90.0
2017-06-13,34.375,90.625
2017-11-07,55.0,100.0
2017-01-20,61.53846153846154,88.46153846153847
2017-08-29,50.0,90.0
2017-06-25,0.0,100.0
2017-12-10,40.0,90.0
2018-02-10,16.666666666666668,100.0
2018-02-09,20.0,100.0
2017-03-05,63.63636363636363,100.0
2017-12-15,54.54545454545455,100.0
2017-07-15,22.22222222222222,100.0
2017-06-07,51.61290322580645,96.7741935483871
2017-03-21,36.8421052631579,100.0
2017-08-07,30.76923076923077,100.0
2017-07-26,40.0,93.33333333333333
2017-09-20,36.36363636363637,100.0
2017-06-02,35.714285714285715,92.85714285714286
2017-04-30,38.46153846153846,92.3076923076923
2017-03-24,40.90909090909091,86.36363636363636
2016-11-15,28.571428571428573,94.28571428571429
2016-12-03,33.333333333333336,100.0
2017-01-11,36.666666666666664,100.0
2017-09-18,35.714285714285715,92.85714285714286
2018-02-05,52.94117647058823,94.11764705882354
2017-02-12,66.66666666666667,100.0
2017-01-17,35.714285714285715,92.85714285714286
2017-06-18,16.666666666666668,91.66666666666667
2017-02-24,7.142857142857143,100.0
2017-12-28,50.0,87.5
2017-11-30,36.36363636363637,100.0
2017-05-28,33.333333333333336,100.0
2017-10-26,77.77777777777777,77.77777777777777
2017-10-16,57.142857142857146,85.71428571428571
2016-12-25,57.142857142857146,71.42857142857143
2017-09-26,25.0,93.75
2016-12-31,33.333333333333336,88.88888888888889
2016-11-21,36.8421052631579,100.0
2017-05-19,34.78260869565217,100.0
2017-12-05,35.0,100.0
2017-05-05,42.857142857142854,100.0
2017-03-20,36.0,92.0
2018-02-13,18.75,93.75
2017-04-15,44.44444444444444,88.88888888888889
2018-01-19,36.36363636363637,95.45454545454545
2016-11-06,44.0,100.0
2017-08-06,100.0,100.0
2017-12-24,33.333333333333336,91.66666666666667
2017-11-14,31.25,100.0
2017-06-06,33.333333333333336,93.33333333333333
2017-01-19,44.44444444444444,94.44444444444444
2017-01-25,50.0,100.0
2017-11-13,45.0,100.0
2018-01-04,38.095238095238095,95.23809523809524
2017-12-09,18.181818181818183,90.9090909090909
2017-04-26,58.333333333333336,91.66666666666667
2017-07-11,19.047619047619047,95.23809523809524
2017-02-23,50.0,100.0
2017-11-22,47.05882352941177,100.0
2016-12-30,50.0,92.85714285714286
2017-09-15,23.529411764705884,100.0
2017-03-30,37.5,100.0
2016-12-17,55.55555555555556,100.0
2018-02-24,30.76923076923077,100.0
2017-07-12,37.5,93.75
2017-11-05,26.666666666666668,93.33333333333333
2017-11-08,26.666666666666668,93.33333333333333
2017-08-17,38.095238095238095,100.0
2017-02-06,28.571428571428573,100.0
2017-11-29,30.0,95.0
2016-12-02,31.818181818181817,90.9090909090909
2017-03-29,50.0,100.0
2017-12-22,40.0,90.0
2017-01-23,60.0,95.0
2017-10-06,30.0,90.0
2017-01-08,23.076923076923077,100.0
2017-04-08,38.46153846153846,92.3076923076923
2017-09-08,28.571428571428573,100.0
2016-11-07,40.0,96.0
2016-12-18,53.84615384615385,100.0
2017-06-17,28.571428571428573,100.0
2017-09-05,52.38095238095238,90.47619047619048
2018-01-02,50.0,91.66666666666667
2017-03-11,33.333333333333336,100.0
2016-11-04,16.666666666666668,100.0
2016-12-29,46.666666666666664,93.33333333333333
2017-10-30,26.666666666666668,100.0
2017-03-06,36.36363636363637,90.9090909090909
2017-04-23,60.0,100.0
2017-02-22,38.46153846153846,100.0
2016-12-27,40.0,90.0
2017-05-07,38.46153846153846,100.0
2017-03-26,46.15384615384615,100.0
2016-12-05,55.55555555555556,88.88888888888889
2017-01-07,54.54545454545455,100.0
2017-09-22,60.0,100.0
2017-02-05,55.55555555555556,77.77777777777777
2017-11-15,36.36363636363637,100.0
2017-11-17,36.36363636363637,100.0
2017-10-01,57.142857142857146,100.0
2018-01-17,25.0,100.0
2017-01-12,41.666666666666664,95.83333333333333
2017-03-18,16.666666666666668,100.0
2017-07-27,45.16129032258065,100.0
2017-09-25,60.0,90.0
2017-02-17,45.0,95.0
2017-08-01,26.666666666666668,96.66666666666667
2017-11-03,17.647058823529413,88.23529411764706
2017-10-04,40.0,100.0
2018-02-21,47.36842105263158,100.0
2017-09-19,75.0,100.0
2018-02-17,36.36363636363637,100.0
2017-10-22,40.0,100.0
2016-11-23,42.10526315789474,100.0
2018-02-18,52.94117647058823,100.0
2017-02-03,50.0,95.45454545454545
2017-01-31,46.666666666666664,86.66666666666667
2017-05-22,46.666666666666664,86.66666666666667
2017-06-22,41.1764705882353,94.11764705882354
2017-10-28,50.0,100.0
2016-12-11,35.294117647058826,100.0
2017-08-03,40.0,100.0
2017-10-19,30.0,100.0
2018-02-14,35.0,100.0
2017-06-03,50.0,100.0
2017-07-18,28.571428571428573,85.71428571428571
2018-01-03,40.0,93.33333333333333
2017-06-11,31.25,93.75
2017-04-22,60.0,80.0
2017-11-25,40.0,90.0
2017-01-16,30.76923076923077,100.0
2017-06-10,33.333333333333336,100.0
2018-02-16,51.851851851851855,100.0
2016-11-18,25.0,93.75
2016-11-01,50.0,93.75
2017-12-30,0.0,100.0
2017-12-23,33.333333333333336,100.0
2017-08-28,36.36363636363637,100.0
2018-02-15,55.55555555555556,100.0
2017-12-18,9.090909090909092,100.0
2016-11-28,36.8421052631579,100.0
2017-06-21,18.181818181818183,100.0
2016-11-17,54.54545454545455,90.9090909090909
2017-05-14,21.428571428571427,100.0
2017-03-07,42.10526315789474,100.0
2017-05-30,7.6923076923076925,100.0
2017-09-23,50.0,100.0
2017-02-27,26.31578947368421,100.0
2017-12-29,45.45454545454545,90.9090909090909
2017-03-27,55.55555555555556,94.44444444444444
2018-01-21,33.333333333333336,100.0
2017-08-27,50.0,100.0
2017-07-22,33.333333333333336,100.0
2017-02-18,23.076923076923077,100.0
2017-10-11,41.666666666666664,83.33333333333333
2016-12-04,60.0,80.0
2018-01-27,27.272727272727273,100.0
2017-08-31,59.09090909090909,100.0
2017-09-04,10.0,100.0
2016-11-27,71.42857142857143,100.0
2017-05-08,33.333333333333336,91.66666666666667
2017-06-26,25.0,91.66666666666667
2017-05-06,41.666666666666664,100.0
2016-12-06,42.857142857142854,100.0
2016-11-26,38.46153846153846,100.0
2017-01-09,47.82608695652174,100.0
2017-12-26,20.0,100.0
2016-12-14,36.36363636363637,100.0
2017-09-27,42.10526315789474,100.0
2016-11-02,41.1764705882353,82.3529411764706
2018-01-15,0.0,100.0
2017-11-01,27.272727272727273,100.0
2017-06-16,45.0,95.0
2017-07-23,22.22222222222222,100.0
2017-05-23,33.333333333333336,100.0
2017-12-07,36.8421052631579,89.47368421052632
2017-10-17,66.66666666666667,100.0
2017-04-06,25.0,87.5
2017-03-10,20.0,100.0
2017-05-03,22.22222222222222,100.0
2016-11-10,46.51162790697674,88.37209302325581
2017-05-04,60.869565217391305,100.0
2018-01-22,0.0,100.0
2017-10-13,29.41176470588235,94.11764705882354
2017-02-21,62.5,87.5
2017-10-10,20.0,100.0
2017-03-23,43.75,87.5
2017-12-14,57.142857142857146,100.0
2017-03-03,50.0,93.75
2017-07-17,33.333333333333336,100.0
2017-12-20,43.47826086956522,95.65217391304348
2017-12-11,38.46153846153846,100.0
2018-01-28,55.55555555555556,100.0
2017-05-02,44.44444444444444,100.0
2017-12-12,28.94736842105263,100.0
2017-03-22,25.0,100.0
2017-06-05,28.571428571428573,100.0
2016-11-05,33.333333333333336,100.0
2017-08-30,22.22222222222222,100.0
2017-07-09,60.0,100.0
2016-12-10,25.0,100.0
2017-05-17,39.130434782608695,100.0
2016-11-29,29.41176470588235,94.11764705882354
2017-07-25,29.032258064516128,96.7741935483871
2017-04-24,15.384615384615385,92.3076923076923
2018-01-09,33.333333333333336,100.0
2017-06-23,33.333333333333336,100.0
2017-07-04,45.45454545454545,100.0
2017-01-22,35.714285714285715,100.0
2017-09-02,16.666666666666668,100.0
2017-11-10,50.0,91.66666666666667
2017-09-12,40.0,90.0
2017-03-02,26.666666666666668,93.33333333333333
2017-07-21,47.05882352941177,100.0
2016-12-09,43.75,100.0
2017-02-02,43.47826086956522,100.0
2017-08-25,58.333333333333336,83.33333333333333
2017-09-16,0.0,100.0
2017-05-24,35.294117647058826,94.11764705882354
2017-10-12,15.384615384615385,100.0
2018-01-06,40.0,100.0
2017-11-04,14.285714285714286,100.0
2017-03-12,0.0,100.0
2017-07-24,20.0,100.0
2016-12-16,50.0,93.75
2017-01-15,35.294117647058826,100.0
2017-05-25,34.78260869565217,100.0
2017-07-05,50.0,92.85714285714286
2017-09-17,20.0,90.0
2017-10-03,25.0,100.0
2017-07-07,40.0,90.0
2017-08-15,52.17391304347826,100.0
2017-07-19,35.294117647058826,100.0
2017-05-18,42.10526315789474,100.0
2017-11-20,36.36363636363637,81.81818181818181
2017-08-09,25.0,100.0
2017-05-12,73.33333333333333,93.33333333333333
2017-11-11,60.0,100.0
2018-02-28,31.25,100.0
2017-07-02,22.22222222222222,100.0
2017-05-20,66.66666666666667,100.0
2017-03-31,63.63636363636363,100.0
2017-07-01,41.666666666666664,100.0
2017-03-09,53.333333333333336,86.66666666666667
2017-01-28,38.46153846153846,100.0
2017-07-16,75.0,100.0
2017-01-02,77.77777777777777,100.0
2017-09-09,50.0,100.0
2017-02-20,40.0,93.33333333333333
2017-07-29,27.272727272727273,81.81818181818181
2017-01-18,70.0,90.0
2017-08-12,42.857142857142854,100.0
2017-02-19,60.0,100.0
2018-02-19,25.0,100.0
2017-03-04,50.0,100.0
2017-09-13,14.285714285714286,100.0
2017-02-15,50.0,100.0
2017-07-13,23.076923076923077,100.0
2016-12-08,25.0,100.0
2017-11-28,40.0,100.0
2017-10-21,14.285714285714286,85.71428571428571
2017-11-02,66.66666666666667,83.33333333333333
2017-02-13,33.333333333333336,96.29629629629629
2017-09-07,40.0,100.0
2017-04-16,33.333333333333336,100.0
2018-02-07,52.94117647058823,100.0
2017-10-15,66.66666666666667,100.0
2016-12-24,66.66666666666667,100.0
2017-10-29,55.55555555555556,100.0
2017-05-29,41.1764705882353,88.23529411764706
2017-01-03,16.666666666666668,91.66666666666667
2017-04-19,30.76923076923077,92.3076923076923
2017-09-30,50.0,100.0
2018-01-01,66.66666666666667,100.0
2018-02-06,33.333333333333336,80.0
2017-04-13,50.0,100.0
2017-07-28,42.857142857142854,100.0
2017-04-04,71.42857142857143,85.71428571428571
2017-03-01,7.6923076923076925,100.0
2016-10-31,0.0,100.0
2017-03-25,33.333333333333336,100.0
2016-12-28,33.333333333333336,88.88888888888889
2017-06-12,30.76923076923077,100.0
2017-07-20,35.0,95.0
2016-11-13,40.0,100.0
2017-02-11,33.333333333333336,91.66666666666667
2017-04-28,46.15384615384615,100.0
2017-07-08,60.0,100.0
2016-11-12,37.5,87.5
2018-02-20,42.857142857142854,100.0
2017-05-31,56.25,100.0
2017-10-20,10.0,100.0
2016-12-01,70.58823529411765,88.23529411764706
2017-02-09,46.15384615384615,100.0
2017-08-02,21.05263157894737,94.73684210526316
2016-11-20,31.25,100.0
2017-09-01,42.10526315789474,100.0
2018-01-26,40.0,100.0
2017-05-16,44.44444444444444,100.0
2017-08-23,26.666666666666668,100.0
2016-11-11,37.142857142857146,94.28571428571429
2017-11-21,25.0,100.0
2017-11-19,25.0,100.0
2018-01-24,53.84615384615385,84.61538461538461
2017-12-16,28.571428571428573,100.0
2017-10-02,40.0,100.0
2017-09-03,25.0,100.0
2017-10-31,40.0,100.0
2017-11-09,41.1764705882353,88.23529411764706
2017-03-14,60.0,100.0
2017-07-14,33.333333333333336,95.23809523809524
2017-06-04,45.45454545454545,100.0
2017-03-08,50.0,100.0
2018-01-30,17.24137931034483,96.55172413793103
2017-04-17,15.384615384615385,100.0
2017-04-10,20.0,100.0
2016-12-23,20.0,100.0
2017-12-01,36.666666666666664,93.33333333333333
2017-08-24,20.0,100.0
2017-06-27,23.529411764705884,100.0
2017-11-24,33.333333333333336,100.0
2017-05-01,30.0,100.0
2017-01-14,60.0,80.0
2016-12-26,28.571428571428573,100.0
2017-08-26,33.333333333333336,100.0
2016-11-03,17.391304347826086,100.0
2017-06-24,16.666666666666668,100.0
2017-04-01,12.5,100.0
2018-01-31,56.25,100.0
2017-05-15,21.428571428571427,100.0
2017-02-14,55.0,95.0
2017-12-27,46.666666666666664,93.33333333333333
2016-12-07,36.36363636363637,100.0
2016-11-09,38.888888888888886,92.5925925925926
2017-01-29,45.0,100.0
2017-05-13,25.0,83.33333333333333
2017-09-06,46.15384615384615,92.3076923076923
2017-08-05,54.54545454545455,100.0
2017-11-23,57.142857142857146,100.0
2017-02-04,42.10526315789474,100.0
2018-02-25,33.333333333333336,88.88888888888889
2017-10-07,55.55555555555556,77.77777777777777
2016-11-22,33.333333333333336,95.23809523809524
2017-03-15,47.05882352941177,100.0
2017-06-20,44.44444444444444,100.0
2017-10-25,50.0,100.0
2018-01-10,40.0,100.0
2016-11-16,61.904761904761905,90.47619047619048
2017-04-21,30.0,90.0
2017-12-21,43.75,100.0
2018-02-03,33.333333333333336,88.88888888888889
2017-04-14,42.857142857142854,100.0
2018-01-07,41.666666666666664,91.66666666666667
2017-11-27,85.71428571428571,85.71428571428571
2017-08-13,54.54545454545455,81.81818181818181
